Item,Quantity,Sell_Price,Buy_Price,Profit_Per_Item,Total_Profit,Seller,Seller_Warp,Seller_Stock,Buyer,Buyer_Warp,Buyer_Stock,Seller_Location,Buyer_Location,Seller_Timestamp,Buyer_Timestamp
Nether Wart Block,3451,2.0,5.0,3.0,10353.0,celticpiping,/warp celt,3451,Effortles,/warp sale,3456,4777 -49 -13202,-13468 -4 4377,2026-08-08 11:45:48,2026-05-29 11:30:28
Gravel,3068,1.0,4.0,3.0,9204.0,Hobosapian,/warp shopbo,3068,Allyri,/warp ri,3456,14596 75 -1413,-5238 175 -4789,2026-07-08 23:45:22,2026-06-23 23:38:36
Shroomlight,489,10.0,25.0,15.0,7335.0,MatsmitGlatz,/warp blockmart,489,SerSicerio,/warp serstore,2269,12393 75 -9893,-17625 159 18748,2026-08-08 11:38:45,2026-08-08 11:39:09
Book,991,3.0,10.0,7.0,6937.0,Dwarffles,/warp lidl,991,Effortles,/warp sale,3456,-3920 155 12321,-13446 -5 4367,2026-05-29 00:41:59,2026-07-05 11:21:12
Iron Ingot,1728,1.0,5.0,4.0,6912.0,Chijoku,/warp chi,3456,_RyanMC,/warp villager trading hall,1728,-11717 133 -10121,7121 34 12211,2026-05-29 00:03:49,2026-05-29 12:31:17
Nether Bricks,3456,1.0,3.0,2.0,6912.0,Soup__booty,/warp soupshop,3456,SerSicerio,/warp serstore,3456,9886 59 -12551,-17624 159 18748,2026-05-29 11:49:58,2026-08-07 08:18:00
Acacia Log,1728,4.0,8.0,4.0,6912.0,Hobosapian,/warp shopbo,1728,Effortles,/warp sale,3456,14599 77 -1418,-13430 -4 4377,2026-07-08 23:45:10,2026-05-29 11:28:52
Coal,2042,1.0,4.2,3.2,6534.400000000001,SerSicerio,/warp serstore,3456,Effortles,/warp sale,2302,-17662 158 18755,-13447 -5 4390,2026-08-07 08:18:11,2026-08-01 22:30:00
Brown Mushroom Block,3212,3.0,5.0,2.0,6424.0,Hobosapian,/warp shopbo,3212,Effortles,/warp sale,3456,14600 75 -1402,-13469 -4 4395,2026-07-08 23:45:57,2026-05-29 11:30:38
Jungle Log,3180,4.0,6.0,2.0,6360.0,AKoopa,/warp koopa,3355,Effortles,/warp sale,3456,13324 114 -6490,-13430 -4 4376,2026-05-30 10:27:57,2026-05-29 11:28:53
Oak Log,1405,1.0,5.0,4.0,5620.0,midwu,/warp panda,1405,FX_02,/warp 1,3456,15666 71 11959,8588 -40 -2004,2026-08-07 08:13:53,2026-05-26 23:57:53
Lapis Lazuli,1691,3.0,6.3,3.3,5580.299999999999,Hobosapian,/warp shopbo,2517,Effortles,/warp sale,3456,14615 75 -1402,-13446 -5 4390,2026-08-08 11:16:12,2026-05-29 11:26:44
Deepslate,2612,1.0,3.0,2.0,5224.0,celticpiping,/warp celt,3456,SerSicerio,/warp serstore,3456,4739 -44 -13272,-17615 159 18752,2026-08-08 11:48:40,2026-06-06 10:44:20
Dripstone Block,3351,2.5,4.0,1.5,5026.5,nathan812,/warp rockets,3456,Effortles,/warp sale,3456,12392 -2 5804,-13468 -4 4394,2026-05-29 11:25:39,2026-05-29 11:30:37
Magma Block,2481,3.0,5.0,2.0,4962.0,celticpiping,/warp celt,2481,SpaghettiPasta,/warp one,3392,4770 -50 -13215,4231 152 6871,2026-08-08 11:45:34,2026-05-29 10:56:04
Verdant Froglight,3456,0.15,1.58,1.4300000000000002,4942.080000000001,Hobosapian,/warp shopbo,3456,Allyri,/warp ri,3456,14620 75 -1405,-5263 175 -4850,2026-08-08 11:15:53,2026-05-29 11:21:50
Block of Bamboo,3227,1.0,2.5,1.5,4840.5,Dwarffles,/warp lidl,3456,Allyri,/warp ri,3227,-3917 154 12319,-5199 173 -4845,2026-05-29 00:41:57,2026-05-29 11:23:01
Ochre Froglight,3328,0.15,1.58,1.4300000000000002,4759.040000000001,Hobosapian,/warp shopbo,3456,Allyri,/warp ri,3328,14620 75 -1404,-5263 174 -4844,2026-08-08 11:15:54,2026-05-29 11:21:44
Cobbled Deepslate,2346,1.0,3.0,2.0,4692.0,celticpiping,/warp celt,3456,SerSicerio,/warp serstore,3456,4729 -45 -13279,-17616 159 18751,2026-08-08 11:49:04,2026-08-07 08:17:38
Basalt,1862,2.5,5.0,2.5,4655.0,Soup__booty,/warp soupshop,1862,saltzi,/warp villager trading hall,3456,9872 59 -12551,7129 33 12217,2026-05-29 11:49:28,2026-05-29 12:31:10
Mangrove Log,614,5.0,12.5,7.5,4605.0,MatsmitGlatz,/warp blockmart,614,FX_02,/warp 1,2881,12424 77 -9897,8584 -43 -2006,2026-08-08 11:30:56,2026-05-26 23:58:02
Raw Copper,3455,5.0,6.3,1.2999999999999998,4491.499999999999,will1608,/warp shopwill,3456,Effortles,/warp sale,3456,16745 72 -16859,-13438 -4 4400,2026-05-29 11:42:31,2026-05-29 11:29:27
Birch Log,2239,4.0,6.0,2.0,4478.0,AKoopa,/warp koopa,2239,Effortles,/warp sale,3456,13311 114 -6489,-13430 -4 4375,2026-05-30 10:27:24,2026-05-29 11:28:53
Mud,981,3.0,7.5,4.5,4414.5,MatsmitGlatz,/warp blockmart,981,FX_02,/warp 1,2896,12385 77 -9897,8595 -42 -2020,2026-08-08 11:30:26,2026-05-26 23:59:08
Block of Raw Iron,2207,75.0,77.0,2.0,4414.0,AKoopa,/warp koopa,2207,Dwarffles,/warp bulk sell,3456,13312 114 -6418,-4018 118 12335,2026-05-30 10:31:49,2026-08-08 11:13:59
Pearlescent Froglight,3014,0.15,1.58,1.4300000000000002,4310.02,Hobosapian,/warp shopbo,3456,Allyri,/warp ri,3014,14620 75 -1403,-5263 173 -4844,2026-08-08 11:15:54,2026-05-29 11:21:44
Cobblestone,1683,0.5,3.0,2.5,4207.5,Alisa12345,/warp shrimp shop,1683,SerSicerio,/warp serstore,3456,-7120 112 -17576,-17616 159 18760,2026-05-29 11:43:53,2026-08-07 08:17:31
Firework Rocket,2032,0.01,2.0,1.99,4043.68,Hobosapian,/warp shopbo,2488,_ZippyCastle5557,/warp zippyworld,3304,14614 75 -1418,-12392 75 -9786,2026-08-08 11:15:29,2026-07-01 21:28:15
Warped Fungus,616,1.0,7.5,6.5,4004.0,SerSicerio,/warp serstore,616,Killablob,/warp killashop,3456,-17619 158 18749,11575 72 -5276,2026-08-07 08:17:40,2026-05-30 11:12:46
Cow Spawner,2,8000.0,10000.0,2000.0,4000.0,celticpiping,/warp celt,2,Killablob,/warp killashop,3456,4740 -44 -13230,11600 72 -5290,2026-08-08 11:47:33,2026-05-30 11:14:30
Warped Stem,639,4.0,10.0,6.0,3834.0,celticpiping,/warp celt,639,Polite_player,/warp sell materials,3456,4776 -49 -13225,-19266 71 9325,2026-08-08 11:44:35,2026-07-06 10:08:24
Sunny Chestplate,4,50.0,1000.0,950.0,3800.0,Hobosapian,/warp shopbo,11,LenJr,/warp sky store,4,14601 77 -1410,16836 287 9273,2026-07-08 23:45:52,2026-05-29 11:46:45
Armor Stand,372,5.0,15.0,10.0,3720.0,celticpiping,/warp celt,372,FX_02,/warp 1,864,4740 -44 -13243,8597 -30 -2018,2026-08-08 11:47:42,2026-05-26 23:53:37
Stone,1545,0.65,3.0,2.35,3630.75,Alisa12345,/warp shrimp shop,1545,SerSicerio,/warp serstore,3456,-7120 113 -17576,-17616 159 18759,2026-05-29 11:43:57,2026-08-07 08:17:32
Cherry Log,881,2.0,6.0,4.0,3524.0,Ayame989,/warp village hall,881,Effortles,/warp sale,3456,-9077 70 13786,-13430 -4 4378,2026-06-05 22:01:46,2026-05-29 11:28:51
Packed Ice,1728,4.0,6.0,2.0,3456.0,tazrar,/warp farm stuff,1728,SerSicerio,/warp serstore,3456,17360 71 11836,-17617 159 18774,2026-05-29 00:27:53,2026-08-07 08:16:43
Magma Cream,1728,1.0,3.0,2.0,3456.0,Dwarffles,/warp lidl,1728,SpaghettiPasta,/warp one,3456,-3912 156 12321,4232 152 6872,2026-05-29 00:41:54,2026-05-29 10:56:02
Granite,1728,1.0,3.0,2.0,3456.0,Hobosapian,/warp shopbo,1728,SerSicerio,/warp serstore,3456,14596 77 -1406,-17616 159 18752,2026-07-08 23:45:29,2026-08-07 08:17:37
Diorite,1728,1.0,3.0,2.0,3456.0,Hobosapian,/warp shopbo,1728,SerSicerio,/warp serstore,3456,14596 77 -1407,-17616 159 18754,2026-07-08 23:45:30,2026-08-07 08:17:36
Andesite,1728,1.0,3.0,2.0,3456.0,Hobosapian,/warp shopbo,1728,SerSicerio,/warp serstore,3456,14596 77 -1408,-17616 159 18753,2026-07-08 23:45:30,2026-08-07 08:17:37
Block of Redstone,3456,0.01,1.0,0.99,3421.44,Chijoku,/warp chi,3456,Mio_TOT,/warp dark shop,3456,-11713 133 -10122,-13688 -8 181,2026-05-29 00:03:41,2026-05-30 13:04:11
Acacia Leaves,1708,1.0,3.0,2.0,3416.0,tazrar,/warp farm stuff,1708,AKoopa,/warp koopa,3270,17349 69 11847,13310 115 -6488,2026-05-29 00:29:02,2026-05-30 10:27:22
Mycelium,3381,5.0,6.0,1.0,3381.0,Killablob,/warp killashop,3456,SerSicerio,/warp serstore,3456,11538 70 -5242,-17616 159 18761,2026-05-30 10:39:06,2026-08-07 08:17:31
Sandstone,1867,0.7,2.5,1.8,3360.6,AKoopa,/warp koopa,2995,Crazy69,/warp crazysshop,3456,13251 114 -6480,-11787 65 15208,2026-05-30 10:21:47,2026-08-07 08:27:15
Pale Oak Log,1638,4.0,6.0,2.0,3276.0,Hobosapian,/warp shopbo,1638,Crazy69,/warp crazysshop,3456,14596 75 -1418,-11758 65 15208,2026-07-08 23:45:12,2026-08-07 08:28:17
Warped Nylium,1591,4.0,6.0,2.0,3182.0,Soup__booty,/warp soupshop,1591,SerSicerio,/warp serstore,3456,9888 61 -12556,-17627 159 18748,2026-05-29 11:50:16,2026-08-07 08:17:58
Dirt,3109,1.0,2.0,1.0,3109.0,HoboNova,/warp shopbo,3456,Effortles,/warp sale,3456,14596 75 -1403,-13446 -4 4362,2026-05-29 11:41:18,2026-05-29 11:31:22
Grass Block,2029,1.0,2.5,1.5,3043.5,celticpiping,/warp celt,2029,AKoopa,/warp koopa,2705,4803 -47 -13230,13255 115 -6479,2026-08-08 11:42:34,2026-05-30 10:21:50
End Stone,2112,1.0,2.3625,1.3624999999999998,2877.5999999999995,celticpiping,/warp celt,3456,Server,/shop,999999999,4747 -52 -13224,0 0 0,2026-08-08 11:46:27,2026-05-31 12:15:00
Observer,280,40.0,50.0,10.0,2800.0,AKoopa,/warp koopa,280,FX_02,/warp 1,2887,13305 113 -6422,8594 -36 -2004,2026-05-30 10:32:16,2026-05-26 23:55:02
Sunny Spear,18,50.0,200.0,150.0,2700.0,Hobosapian,/warp shopbo,18,_FireWilley,/warp wow,25,14601 77 -1412,18676 10 -7189,2026-07-08 23:45:54,2026-06-06 10:53:07
Warped Wart Block,1307,3.0,5.0,2.0,2614.0,Exestive,/warp luxeria,1790,Effortles,/warp sale,1307,9829 152 16213,-13468 -4 4376,2026-05-29 00:44:01,2026-05-29 11:30:27
Bone Block,1728,0.99,2.5,1.51,2609.28,midwu,/warp panda,1728,FX_02,/warp 1,3085,15696 71 11960,8586 -33 -2020,2026-08-07 08:14:08,2026-05-26 23:52:25
Tuff Bricks,861,1.0,4.0,3.0,2583.0,MaddysinLeigh,/warp 909mall,2224,SerSicerio,/warp serstore,861,8869 64 -13448,-17617 159 18773,2026-05-30 12:53:25,2026-08-07 08:16:42
Breeze Rod,3392,0.0,0.75,0.75,2544.0,TycoRC,/warp xp grinder,3392,_ZippyCastle5557,/warp zippyworld,3456,-1711 51 3403,-12419 75 -9806,2026-05-30 13:38:28,2026-07-01 21:24:31
Sugar Cane,1687,0.5,2.0,1.5,2530.5,iTzzMegawox,/warp fifodeals,2880,Polite_player,/warp sell materials,1752,-12645 -57 16125,-19268 71 9326,2026-05-29 00:33:50,2026-07-08 23:36:03
Mangrove Roots,2499,2.0,3.0,1.0,2499.0,czsunny12,/warp czshop,2499,AKoopa,/warp koopa,3456,7460 66 -10065,13314 115 -6494,2026-08-07 08:31:21,2026-05-30 10:27:38
Acacia Sapling,411,1.5,7.5,6.0,2466.0,czsunny12,/warp czshop,411,FX_02,/warp 1,1846,7466 67 -10091,8594 -43 -2004,2026-08-07 08:30:31,2026-05-26 23:57:31
Ink Sac,614,1.0,5.0,4.0,2456.0,Chijoku,/warp chi,3456,FX_02,/warp 1,614,-11726 134 -10126,8589 -37 -2020,2026-07-11 14:41:46,2026-05-26 23:56:23
Tuff,3392,3.0,3.72,0.7200000000000002,2442.2400000000007,emattj1s,/warp hideout,3456,Allyri,/warp ri,3392,-14430 -25 -322,-5234 175 -4789,2026-08-01 22:47:47,2026-05-29 11:18:16
White Concrete,1188,8.0,10.0,2.0,2376.0,Killablob,/warp killashop,1188,Puppies75200,/warp SellConcrete,3456,11521 70 -5266,5184 2 -13472,2026-05-30 10:42:42,2026-05-29 11:39:06
Cherry Sapling,948,5.0,7.5,2.5,2370.0,XTheMuffinManX95,/warp wood!,948,Killablob,/warp killashop,3456,9205 8 7799,11575 72 -5273,2026-05-29 12:35:46,2026-05-30 11:12:44
Dispenser,234,40.0,50.0,10.0,2340.0,NoWaterJustIce,/home jungle,234,FX_02,/warp 1,2980,-13308 288 8296,8594 -37 -2004,2026-08-08 10:09:22,2026-07-05 11:22:27
Sand,2304,3.0,4.0,1.0,2304.0,Hobosapian,/warp shopbo,2386,Dwarffles,/warp bulk sell,2304,14596 75 -1412,-4013 116 12338,2026-07-08 23:45:22,2026-08-08 11:14:23
Gunpowder,1383,0.35,2.0,1.65,2281.95,midwu,/warp panda,1728,Effortles,/warp sale,3456,15696 71 11956,-13448 -5 4372,2026-08-07 08:14:06,2026-05-29 11:28:01
Block of Diamond,30,800.0,875.0,75.0,2250.0,celticpiping,/warp celt,30,FX_02,/warp sell me ores,3456,4792 -44 -13241,-10054 135 3502,2026-08-08 11:41:56,2026-05-29 11:33:09
Copper Ingot,741,1.0,4.0,3.0,2223.0,Alisa12345,/warp shrimp shop,741,Mio_TOT,/warp soupshop,3158,-7112 113 -17576,-13688 -8 130,2026-05-29 11:44:09,2026-07-05 11:15:12
Spruce Leaves,1026,1.0,3.0,2.0,2052.0,tazrar,/warp farm stuff,1026,AKoopa,/warp koopa,3456,17347 69 11852,13325 115 -6491,2026-05-29 00:28:52,2026-05-30 10:27:55
Oak Sapling,777,5.0,7.5,2.5,1942.5,Groenmannetje,/warp tree nursery,777,Killablob,/warp killashop,1946,-15846 71 12982,11575 72 -5268,2026-05-29 11:51:44,2026-05-30 11:12:41
Yellow Concrete Powder,960,6.0,8.0,2.0,1920.0,MatsmitGlatz,/warp blockmart,1704,Puppies75200,/warp sellconcrete,960,12419 75 -9893,5193 0 -13470,2026-08-08 11:31:06,2026-08-08 11:31:33
Tinted Glass,160,3.0,15.0,12.0,1920.0,celticpiping,/warp celt,160,Effortles,/warp sale,3456,4811 -45 -13229,-13447 -5 4372,2026-08-08 11:42:57,2026-07-05 23:16:44
Crimson Fungus,317,1.5,7.5,6.0,1902.0,Soup__booty,/warp soupshop,317,Killablob,/warp killashop,3456,9882 61 -12556,11575 72 -5275,2026-05-29 11:49:54,2026-05-30 11:12:46
Block of Gold,14,85.0,220.0,135.0,1890.0,AKoopa,/warp koopa,14,FX_02,/warp sell me ores,1690,13318 113 -6420,-10051 134 3504,2026-05-30 10:31:43,2026-05-29 11:33:06
Birch Sapling,751,5.0,7.5,2.5,1877.5,Groenmannetje,/warp tree nursery,751,Killablob,/warp killashop,3456,-15840 71 12982,11575 72 -5267,2026-05-29 11:51:45,2026-05-30 11:12:40
Vines,1920,0.05,1.0,0.95,1824.0,Hobosapian,/warp shopbo,1920,Killablob,/warp killashop,3456,14601 75 -1408,11560 72 -5291,2026-07-08 23:45:42,2026-05-30 10:53:26
Dark Oak Log,1818,4.0,5.0,1.0,1818.0,celticpiping,/warp celt,1818,FX_02,/warp 1,3456,4763 -44 -13218,8585 -41 -2004,2026-08-08 11:43:58,2026-05-26 23:57:57
Orange Concrete Powder,896,6.0,8.0,2.0,1792.0,MatsmitGlatz,/warp blockmart,1135,Puppies75200,/warp sellconcrete,896,12418 75 -9893,5194 0 -13470,2026-08-08 11:31:10,2026-08-08 11:31:32
Oak Leaves,896,1.0,3.0,2.0,1792.0,tazrar,/warp farm stuff,896,AKoopa,/warp koopa,3456,17346 69 11849,13317 115 -6494,2026-05-29 00:28:53,2026-05-30 10:27:42
Clay,894,3.0,5.0,2.0,1788.0,Hobosapian,/warp shopbo,894,Effortles,/warp sale,3456,14596 75 -1410,-13468 -4 4393,2026-07-08 23:45:24,2026-05-29 11:30:37
Terracotta,1728,2.0,3.0,1.0,1728.0,AKoopa,/warp koopa,1728,madsxo,/warp one,2304,13264 114 -6494,4256 152 6853,2026-05-30 10:22:49,2026-05-29 10:51:40
Moss Block,1728,2.0,3.0,1.0,1728.0,Q_Papi,/warp one,2815,_FireWilley,/warp wow,1728,4228 152 6876,18709 16 -7151,2026-05-29 10:53:29,2026-08-07 08:20:55
Lime Concrete Powder,843,6.0,8.0,2.0,1686.0,MatsmitGlatz,/warp blockmart,1775,Puppies75200,/warp sellconcrete,843,12420 75 -9893,5192 0 -13470,2026-08-08 11:31:04,2026-08-08 11:31:34
Sunny Boots,24,50.0,120.0,70.0,1680.0,Hobosapian,/warp shopbo,24,AKoopa,/warp koopa,27,14601 77 -1408,13255 114 -6461,2026-07-08 23:45:51,2026-05-30 10:21:04
Diamond,48,65.0,100.0,35.0,1680.0,Alisa12345,/warp shrimp shop,48,Tyty42021,/warp tytys everything shop,3456,-7112 114 -17576,10428 37 9481,2026-05-29 11:44:08,2026-08-07 08:24:20
White Wool,3328,0.0,0.5,0.5,1664.0,Bonusmile,/warp free wool,3456,Effortles,/warp sale,3456,11263 112 -11997,-13464 -4 4400,2026-05-29 00:34:47,2026-05-29 11:30:07
Smooth Stone,3256,2.0,2.5,0.5,1628.0,HoboNova,/warp shopbo,3256,Effortles,/warp sale,3456,14596 75 -1407,-13440 -4 4362,2026-05-29 11:41:16,2026-05-29 11:31:38
Splash Potion,13,0.0,125.0,125.0,1625.0,Hobosapian,/warp shopbo,14,FX_02,/warp 1,13,14616 77 -1418,8599 -30 -2004,2026-08-08 11:15:40,2026-05-26 23:50:31
Netherrack,3175,0.75,1.26,0.51,1619.25,Soup__booty,/warp soupshop,3456,Allyri,/warp ri,3175,9866 59 -12554,-5263 174 -4808,2026-05-29 11:49:33,2026-05-29 11:21:10
Campfire,322,10.0,15.0,5.0,1610.0,celticpiping,/warp celt,322,Killablob,/warp killashop,3456,4740 -41 -13233,11575 72 -5245,2026-08-08 11:48:26,2026-05-30 10:37:03
Mangrove Leaves,1596,2.0,3.0,1.0,1596.0,Abbie_Kills,/warp decor,1596,AKoopa,/warp koopa,2048,18596 22 1012,13313 115 -6494,2026-05-29 00:11:13,2026-05-30 10:27:36
Scaffolding,1536,1.0,2.0,1.0,1536.0,Chijoku,/warp chi,1536,FX_02,/warp 1,2877,-11717 133 -10133,8595 -33 -2020,2026-05-29 00:04:05,2026-05-26 23:53:29
Honey Block,297,20.0,25.0,5.0,1485.0,Roseplug,/warp blue,297,Effortles,/warp sale,3456,-1812 81 6219,-13455 -4 4362,2026-05-28 23:32:59,2026-05-29 11:31:04
Lead,733,3.0,5.0,2.0,1466.0,Hobosapian,/warp shopbo,733,Effortles,/warp sale,3456,14615 77 -1405,-13444 -5 4372,2026-08-08 11:16:41,2026-05-29 11:27:59
Cracked Polished Blackstone Bricks,2926,3.5,4.0,0.5,1463.0,Soup__booty,/warp soupshop,2926,Effortles,/warp sale,3456,9870 59 -12551,-13430 -4 4365,2026-05-29 11:49:27,2026-05-29 11:28:40
Block of Quartz,143,25.0,35.0,10.0,1430.0,MatsmitGlatz,/warp blockmart,143,SerSicerio,/warp serstore,3456,12392 75 -9893,-17623 159 18748,2026-08-08 11:29:41,2026-08-07 08:18:03
Slimeball,1404,1.0,2.0,1.0,1404.0,Hobosapian,/warp shopbo,1404,Effortles,/warp sale,3456,14615 77 -1407,-13454 -4 4362,2026-08-08 11:16:39,2026-05-29 11:31:04
Glass,1393,4.0,5.0,1.0,1393.0,Soup__booty,/warp soupshop,3456,Crazy69,/warp crazysshop,1608,9877 59 -12551,-11728 65 15198,2026-05-29 11:49:41,2026-08-07 08:29:00
Mushroom Stem,230,9.0,15.0,6.0,1380.0,Hobosapian,/warp shopbo,230,Effortles,/warp sale,3456,14599 75 -1402,-13468 -4 4391,2026-07-08 23:45:58,2026-05-29 11:30:36
Bee Nest,9,100.0,250.0,150.0,1350.0,Abbie_Kills,/warp decor,9,SerSicerio,/warp serstore,3456,18555 22 974,-17617 159 18777,2026-05-29 00:12:24,2026-08-07 08:16:45
Block of Coal,83,2.0,18.0,16.0,1328.0,Ayame989,/warp village hall,92,AKoopa,/warp koopa,3456,-9086 63 13786,13325 114 -6428,2026-05-29 12:27:51,2026-05-30 10:31:27
Birch Leaves,663,1.0,3.0,2.0,1326.0,tazrar,/warp farm stuff,663,AKoopa,/warp koopa,3456,17346 69 11847,13310 115 -6491,2026-05-29 00:28:58,2026-05-30 10:27:26
Waxed Oxidized Copper Bulb,264,5.0,10.0,5.0,1320.0,Ayame989,/warp village hall,264,Effortles,/warp sale,3456,-9093 63 13786,-13468 -4 4365,2026-05-29 12:27:55,2026-05-29 11:30:49
Podzol,1319,3.0,4.0,1.0,1319.0,Crazy69,/warp crazysshop,1319,SerSicerio,/warp serstore,3456,-11789 63 15208,-17617 159 18770,2026-08-07 08:27:10,2026-08-07 08:16:40
Red Mushroom,728,0.2,2.0,1.8,1310.4,Hobosapian,/warp shopbo,728,AKoopa,/warp koopa,3456,14601 75 -1404,13325 115 -6479,2026-07-08 23:45:45,2026-05-30 10:28:12
Dark Prismarine,1303,5.0,6.0,1.0,1303.0,DaftWeevil2996,/warp ocean city shop,1303,Effortles,/warp sale,3456,-18212 42 17964,-13468 -4 4388,2026-07-01 21:29:39,2026-05-29 11:30:34
Soul Sand,2570,2.5,3.0,0.5,1285.0,HoboNova,/warp shopbo,3447,SerSicerio,/warp serstore,2718,14596 75 -1405,-17633 159 18748,2026-05-29 11:41:17,2026-08-07 08:17:53
Red Mushroom Block,128,2.0,12.0,10.0,1280.0,kiwi_241,/warp v.i.p room,136,Effortles,/warp sale,128,-1420 63 -2522,-13468 -4 4392,2026-05-29 12:22:39,2026-05-29 11:30:36
Nether Wart,1228,1.0,2.0,1.0,1228.0,tazrar,/warp farm stuff,1228,Dwarffles,/warp bulk sell,1763,17390 72 11844,-4016 117 12338,2026-05-29 00:26:38,2026-08-08 11:14:32
Deepslate Diamond Ore,4,200.0,500.0,300.0,1200.0,RubberDucky7474,/warp nethersunny,4,SerSicerio,/warp serstore,3456,14232 71 3607,-17670 159 18759,2026-05-29 10:38:13,2026-08-08 10:54:33
Crimson Nylium,589,4.0,6.0,2.0,1178.0,Harmony_Gold_,/warp wood shop,589,SerSicerio,/warp serstore,3456,-6135 25 1410,-17630 159 18748,2026-05-29 12:41:40,2026-08-07 08:17:55
Melon Seeds,2342,0.5,1.0,0.5,1171.0,Crazy69,/warp crazysshop,3456,FX_02,/warp 1,2342,-11763 63 15203,8584 -36 -2006,2026-08-07 08:27:40,2026-05-26 23:55:37
Emerald,77,15.0,30.0,15.0,1155.0,Effortles,/warp sale,77,LilOldman,/warp lom,3456,-13445 -6 4389,-10322 64 -548,2026-05-29 11:26:39,2026-07-26 19:28:14
Spruce Log,384,2.0,5.0,3.0,1152.0,Ayame989,/warp village hall,440,FX_02,/warp 1,384,-9077 70 13792,8588 -41 -2004,2026-05-29 12:29:36,2026-05-26 23:57:51
Crimson Stem,562,8.0,10.0,2.0,1124.0,Soup__booty,/warp soupshop,562,Polite_player,/warp sell materials,3456,9858 59 -12554,-19266 71 9328,2026-05-29 11:49:14,2026-07-06 10:08:27
Deepslate Lapis Lazuli Ore,217,35.0,40.0,5.0,1085.0,emattj1s,/warp hideout,217,SerSicerio,/warp serstore,3456,-14392 -25 -324,-17675 159 18759,2026-08-01 22:48:57,2026-08-07 08:18:43
Red Sand,557,1.1,3.0,1.9,1058.3,kiwi_241,/warp v.i.p room,557,FX_02,/warp 1,1561,-1471 66 -2534,8592 -41 -2020,2026-05-29 12:24:36,2026-05-26 23:59:01
Sunny Helmet,15,50.0,120.0,70.0,1050.0,Hobosapian,/warp shopbo,15,AKoopa,/warp koopa,27,14601 77 -1411,13251 114 -6461,2026-07-08 23:45:53,2026-05-30 10:21:07
Sunny Leggings,15,50.0,120.0,70.0,1050.0,Hobosapian,/warp shopbo,15,AKoopa,/warp koopa,27,14601 77 -1409,13254 114 -6461,2026-07-08 23:45:52,2026-05-30 10:21:04
Lantern,340,2.0,5.0,3.0,1020.0,glossycherry,/warp cherry shop,340,Killablob,/warp killashop,3456,-12113 9 188,11575 72 -5246,2026-05-29 00:01:48,2026-05-30 10:37:04
Feather,2750,0.0,0.37,0.37,1017.5,FX_02,/warp sell me ores,3456,Killablob,/warp killashop,2801,-10033 133 3509,11560 72 -5287,2026-05-29 11:33:38,2026-05-30 10:53:30
Rail,334,5.0,8.0,3.0,1002.0,celticpiping,/warp celt,3456,Effortles,/warp sale,334,4740 -44 -13257,-13458 -4 4362,2026-08-08 11:47:52,2026-05-29 11:31:06
Pale Oak Sapling,382,5.0,7.5,2.5,955.0,tazrar,/warp farm stuff,382,Killablob,/warp killashop,3456,17349 72 11854,11575 72 -5274,2026-05-29 00:28:45,2026-05-30 11:12:45
Carrot,1290,0.1,0.84,0.74,954.6,czsunny12,/warp czshop,1390,Killablob,/warp killashop,1402,7460 67 -10066,11563 72 -5296,2026-08-07 08:31:26,2026-05-30 10:57:16
Potato,3178,0.5,0.8,0.30000000000000004,953.4000000000001,Crazy69,/warp crazysshop,3182,AKoopa,/warp koopa,3456,-11766 63 15203,13260 113 -6419,2026-08-07 08:27:39,2026-05-30 10:19:45
Stonecutter,190,10.0,15.0,5.0,950.0,Abbie_Kills,/warp decor,190,AKoopa,/warp koopa,1728,18565 20 1012,13283 115 -6419,2026-05-29 00:11:50,2026-05-30 10:19:11
Bucket,135,3.0,10.0,7.0,945.0,Soup__booty,/warp soupshop,135,Effortles,/warp sale,864,9888 61 -12549,-13444 -5 4367,2026-05-29 11:50:06,2026-05-29 11:28:12
Glowstone,313,2.0,5.0,3.0,939.0,Dwarffles,/warp lidl,1713,Effortles,/warp sale,313,-3920 154 12307,-13468 -4 4383,2026-05-29 00:41:44,2026-07-05 23:19:37
Phantom Membrane,125,5.0,12.5,7.5,937.5,Hobosapian,/warp shopbo,601,FX_02,/warp 1,125,14615 77 -1408,8585 -30 -2004,2026-08-08 11:16:39,2026-05-26 23:51:23
Raw Chicken,3456,0.0,0.27,0.27,933.1200000000001,FX_02,/warp sell me ores,3456,Server,/shop,999999999,-10031 133 3509,0 0 0,2026-05-29 11:33:40,2026-05-31 12:15:00
Spruce Sapling,200,3.0,7.5,4.5,900.0,Alisa12345,/warp shrimp shop,200,FX_02,/warp 1,3366,-7100 113 -17576,8594 -41 -2004,2026-05-29 11:44:23,2026-05-26 23:57:35
Melon,500,1.0,2.73,1.73,865.0,MaddysinLeigh,/warp 909mall,500,Allyri,/warp ri,3456,8906 65 -13489,-5234 172 -4853,2026-05-30 12:59:35,2026-05-29 11:22:20
Jungle Sapling,192,3.0,7.5,4.5,864.0,Alisa12345,/warp shrimp shop,192,Killablob,/warp killashop,3456,-7100 115 -17576,11575 72 -5270,2026-05-29 11:44:24,2026-05-30 11:12:42
Soul Lantern,394,6.0,8.0,2.0,788.0,Exestive,/warp luxeria,394,Effortles,/warp sale,627,9816 151 16216,-13458 -5 4395,2026-05-29 00:43:43,2026-08-08 11:34:20
Rooted Dirt,315,10.0,12.5,2.5,787.5,glossycherry,/warp cherry shop,409,FX_02,/warp 1,347,-12113 9 195,8595 -40 -2020,2026-05-29 00:01:42,2026-05-26 23:59:12
Raw Gold,274,12.25,15.0,2.75,753.5,saltzi,/warp villager trading hall,274,SerSicerio,/warp serstore,3456,7123 33 12209,-17665 159 18754,2026-05-29 12:31:18,2026-08-07 08:18:27
Raw Porkchop,2755,0.0,0.27,0.27,743.85,FX_02,/warp sell me ores,2755,Server,/shop,999999999,-10039 133 3509,0 0 0,2026-05-29 11:33:33,2026-05-31 12:15:00
Iron Trapdoor,143,20.0,25.0,5.0,715.0,RyRavioli,/warp buyingspawners,143,FX_02,/warp 1,2987,-10021 71 3180,8591 -38 -2004,2026-05-28 23:39:26,2026-05-26 23:55:12
Cornflower,89,2.0,10.0,8.0,712.0,Exestive,/warp luxeria,3255,Taytertot1298,/warp celt,100,9816 176 16226,4753 -49 -13325,2026-05-29 00:48:45,2026-08-08 11:51:59
Calcite,694,4.0,5.0,1.0,694.0,czsunny12,/warp czshop,694,Effortles,/warp sale,3456,7448 66 -10075,-13467 -4 4400,2026-08-07 08:29:46,2026-05-29 11:30:06
Dark Oak Leaves,342,1.0,3.0,2.0,684.0,tazrar,/warp farm stuff,342,AKoopa,/warp koopa,3456,17348 69 11853,13320 115 -6494,2026-05-29 00:28:48,2026-05-30 10:27:46
Red Sandstone,443,6.0,7.5,1.5,664.5,Abbie_Kills,/warp decor,443,SpaghettiPasta,/warp one,3456,18605 27 975,4238 152 6876,2026-05-29 00:15:50,2026-05-29 10:53:42
Raw Iron,100,2.0,8.5,6.5,650.0,Ayame989,/warp village hall,100,Dwarffles,/warp bulk sell,3456,-9092 67 13786,-4018 117 12335,2026-05-29 12:28:02,2026-08-08 11:14:01
Gilded Blackstone,125,45.0,50.0,5.0,625.0,pao_7,/warp celt,125,Ser_Sicerio,/warp serstore,3456,4790 -48 -13315,-17622 159 18748,2026-08-08 11:52:47,2026-05-26 09:37:27
Smooth Basalt,579,1.0,2.0,1.0,579.0,Melody_Melon_,/warp celt,579,SerSicerio,/warp serstore,3456,4765 -49 -13376,-17622 159 18778,2026-08-08 11:54:38,2026-08-07 08:16:29
Pumpkin Seeds,1157,0.5,1.0,0.5,578.5,tazrar,/warp farm stuff,1728,FX_02,/warp 1,1157,17386 72 11852,8584 -38 -2006,2026-05-29 00:26:27,2026-05-26 23:55:31
Lever,1086,2.0,2.5,0.5,543.0,Exestive,/warp luxeria,1086,FX_02,/warp 1,2940,9832 167 16226,8588 -36 -2004,2026-05-29 00:47:19,2026-05-26 23:55:18
Cherry Leaves,361,1.5,3.0,1.5,541.5,Harmony_Gold_,/warp wood shop,361,AKoopa,/warp koopa,3456,-6165 28 1449,13310 115 -6494,2026-05-29 12:43:29,2026-05-30 10:27:32
Glow Ink Sac,89,2.0,8.0,6.0,534.0,Hobosapian,/warp shopbo,1760,Effortles,/warp sale,97,14616 75 -1402,-13443 -5 4372,2026-08-08 11:24:23,2026-08-08 11:24:36
Obsidian,52,30.0,40.0,10.0,520.0,DaftWeevil2996,/warp ocean city shop,52,AKoopa,/warp koopa,3456,-18209 42 17970,13254 115 -6494,2026-07-01 21:29:32,2026-06-23 00:48:02
Iron Ore,51,20.0,30.0,10.0,510.0,RubberDucky7474,/warp nethersunny,51,SerSicerio,/warp serstore,3456,14236 68 3605,-17664 159 18759,2026-05-29 10:38:30,2026-08-07 08:18:52
End Rod,395,3.75,5.0,1.25,493.75,Harmony_Gold_,/warp wood shop,395,Effortles,/warp sale,3456,-6139 25 1438,-13453 -5 4395,2026-05-29 12:42:39,2026-05-29 11:27:27
Wind Charge,1823,0.5,0.75,0.25,455.75,Mio_TOT,/warp dark shop,3456,_ZippyCastle5557,/warp zippyworld,1823,-13687 -9 169,-12418 75 -9808,2026-05-30 13:04:24,2026-07-01 21:26:05
Arrow,1420,0.0,0.32,0.32,454.40000000000003,FX_02,/warp 1,1420,kaaip,/warp one,3456,8571 -33 -2044,4264 151 6813,2026-06-01 17:34:16,2026-05-29 10:48:55
String,2032,0.1,0.32,0.22,447.04,czsunny12,/warp czshop,3392,kaaip,/warp one,3456,7460 66 -10067,4247 150 6814,2026-08-07 08:31:20,2026-05-29 10:48:35
Waxed Copper Bulb,29,5.0,20.0,15.0,435.0,Ayame989,/warp village hall,29,AKoopa,/warp koopa,1728,-9094 63 13786,13303 114 -6418,2026-05-29 12:27:55,2026-05-30 10:32:22
Redstone Dust,447,0.1,1.0,0.9,402.3,oliviakat123,/warp potions3,447,Crazy69,/warp crazysshop,3456,-17912 78 18899,-11784 65 15203,2026-05-29 11:11:25,2026-08-07 08:27:34
Sculk,401,1.0,2.0,1.0,401.0,celticpiping,/warp celt,3456,Effortles,/warp sale,401,4756 -44 -13284,-13430 -4 4384,2026-08-08 11:50:07,2026-05-29 11:29:04
Ender Pearl,198,10.0,12.0,2.0,396.0,celticpiping,/warp celt,198,Effortles,/warp sale,445,4750 -52 -13224,-13442 -5 4372,2026-08-08 11:46:29,2026-07-01 21:04:51
Spectral Arrow,385,1.0,2.0,1.0,385.0,Harmony_Gold_,/warp wood shop,385,emattj1s,/warp hideout,1744,-6154 25 1442,-14421 -24 -330,2026-05-29 12:43:15,2026-08-01 22:43:22
Azalea Leaves,377,2.0,3.0,1.0,377.0,tazrar,/warp farm stuff,377,AKoopa,/warp koopa,3456,17340 77 11889,13325 115 -6486,2026-05-29 00:32:02,2026-05-30 10:28:02
Blue Ice,74,5.0,10.0,5.0,370.0,Killablob,/warp killashop,74,Allyri,/warp ri,1209,11521 70 -5229,-5264 174 -4804,2026-05-30 10:40:45,2026-05-29 11:21:05
Item Frame,144,2.5,5.0,2.5,360.0,Dwarffles,/warp lidl,2928,FX_02,/warp 1,144,-3923 155 12321,8597 -31 -2018,2026-05-29 00:42:01,2026-05-26 23:53:38
Sunny Axe,5,50.0,120.0,70.0,350.0,Hobosapian,/warp shopbo,13,AKoopa,/warp koopa,5,14601 77 -1405,13255 114 -6452,2026-07-08 23:45:49,2026-05-30 10:20:57
Steak,1728,0.0,0.2,0.2,345.6,Dwarffles,/warp lidl,3456,_RyanMC,/warp villager trading hall,1728,-3938 155 12320,7138 34 12226,2026-05-29 00:42:11,2026-05-29 12:31:50
Lily of the Valley,64,5.0,10.0,5.0,320.0,Exestive,/warp luxeria,64,Taytertot1298,/warp celt,320,9819 177 16229,4753 -49 -13328,2026-05-29 00:48:12,2026-08-08 11:52:01
Spider Eye,1158,0.0,0.27,0.27,312.66,FX_02,/warp 1,1158,kaaip,/warp one,3456,8551 -32 -2045,4250 151 6813,2026-05-31 21:56:10,2026-05-29 10:48:38
Slime Block,31,15.0,25.0,10.0,310.0,Soup__booty,/warp soupshop,150,FX_02,/warp 1,31,9901 59 -12551,8599 -35 -2004,2026-05-29 11:50:22,2026-05-26 23:54:25
Amethyst Cluster,60,100.0,105.0,5.0,300.0,_ZippyCastle5557,/warp zippyworld,60,Allyri,/warp ri,3436,-12385 73 -9815,-5161 169 -4820,2026-07-01 21:27:01,2026-05-29 11:23:24
Red Concrete Powder,146,6.0,8.0,2.0,292.0,MatsmitGlatz,/warp blockmart,1439,Puppies75200,/warp sellconcrete,146,12417 75 -9893,5195 0 -13470,2026-08-08 11:31:10,2026-08-08 11:31:31
Armadillo Scute,76,1.5,5.0,3.5,266.0,Hobosapian,/warp shopbo,1728,Killablob,/warp killashop,76,14615 77 -1403,11508 72 -5249,2026-08-08 11:16:42,2026-05-30 13:36:02
Name Tag,4,35.0,100.0,65.0,260.0,Soup__booty,/warp soupshop,4,FX_02,/warp 1,539,9881 61 -12549,8597 -31 -2012,2026-05-29 11:49:46,2026-05-26 23:53:54
Baked Potato,1728,0.0,0.15,0.15,259.2,Hobosapian,/warp shopbo,2561,saltzi,/warp villager trading hall,1728,14617 75 -1418,7141 34 12226,2026-08-08 11:15:31,2026-05-29 12:31:47
Paper,255,0.5,1.5,1.0,255.0,FifoTheBoss,/warp fifodeals,255,FX_02,/warp 1,3456,-12642 -58 16125,8584 -36 -2018,2026-05-29 00:33:51,2026-05-26 23:56:09
Wheat Seeds,637,0.1,0.5,0.4,254.8,Harmony_Gold_,/warp wood shop,1480,FX_02,/warp 1,637,-6176 25 1449,8584 -36 -2012,2026-05-29 12:43:39,2026-05-26 23:55:54
Mossy Cobblestone,481,3.5,4.0,0.5,240.5,Soup__booty,/warp soupshop,483,Effortles,/warp sale,3456,9870 59 -12554,-13436 -4 4362,2026-05-29 11:49:35,2026-05-29 11:31:36
Mangrove Propagule,60,6.0,10.0,4.0,240.0,glossycherry,/warp cherry shop,60,FX_02,/warp 1,3096,-12093 9 170,8584 -42 -2006,2026-05-29 00:02:58,2026-05-26 23:58:03
Bone,1728,0.25,0.38,0.13,224.64000000000001,Harmony_Gold_,/warp wood shop,1728,kaaip,/warp one,3456,-6150 25 1449,4261 150 6814,2026-05-29 12:43:07,2026-05-29 10:48:48
Sunny Shovel,3,50.0,120.0,70.0,210.0,Hobosapian,/warp shopbo,21,AKoopa,/warp koopa,3,14601 77 -1404,13256 114 -6452,2026-07-08 23:45:48,2026-05-30 10:20:57
Raw Rabbit,531,0.0,0.3375,0.3375,179.2125,FX_02,/warp sell me ores,531,Server,/shop,999999999,-10045 133 3509,0 0 0,2026-05-29 11:33:28,2026-05-31 12:15:00
Stick,3456,0.1,0.15,0.04999999999999999,172.79999999999995,czsunny12,/warp czshop,3456,_ZippyCastle5557,/warp zippyworld,3456,7460 66 -10063,-12419 75 -9816,2026-08-07 08:31:22,2026-07-01 21:22:36
Egg,431,0.1,0.5,0.4,172.4,tazrar,/warp farm stuff,431,Crazy69,/warp crazysshop,864,17389 80 11843,-11760 65 15203,2026-05-29 00:26:46,2026-08-07 08:27:53
Pale Moss Block,653,0.75,1.0,0.25,163.25,BobGuy_,/warp celt,653,_FireWilley,/warp wow,1728,4818 -45 -13363,18709 16 -7150,2026-08-08 11:54:05,2026-08-07 08:20:55
Cocoa Beans,287,0.95,1.5,0.55,157.85000000000002,Harmony_Gold_,/warp wood shop,1654,FX_02,/warp 1,369,-6181 25 1449,8584 -38 -2012,2026-05-29 12:43:41,2026-05-26 23:55:50
White Concrete Powder,78,6.0,8.0,2.0,156.0,MatsmitGlatz,/warp blockmart,1600,Puppies75200,/warp sellconcrete,78,12412 75 -9893,5184 0 -13470,2026-08-08 11:31:15,2026-08-08 11:31:41
Rabbit Hide,432,0.0,0.3375,0.3375,145.8,FX_02,/warp sell me ores,432,Server,/shop,999999999,-10042 133 3509,0 0 0,2026-05-29 11:33:31,2026-05-31 12:15:00
Cobweb,47,2.0,5.0,3.0,141.0,glossycherry,/warp cherry shop,47,Effortles,/warp sale,3456,-12100 6 127,-13440 -5 4367,2026-05-29 00:00:06,2026-05-29 11:28:10
Sunny Sword,2,50.0,120.0,70.0,140.0,Hobosapian,/warp shopbo,15,AKoopa,/warp koopa,2,14601 77 -1407,13253 114 -6452,2026-07-08 23:45:51,2026-05-30 10:20:55
Raw Beef,506,0.0,0.27,0.27,136.62,FX_02,/warp sell me ores,506,Server,/shop,999999999,-10021 138 3513,0 0 0,2026-05-29 11:35:16,2026-05-31 12:15:00
Gold Ingot,13,5.0,15.0,10.0,130.0,Alisa12345,/warp shrimp shop,13,Effortles,/warp sale,3456,-7115 113 -17576,-13443 -5 4390,2026-05-29 11:44:05,2026-05-29 11:26:48
Pumpkin,71,1.0,2.73,1.73,122.83,Abbie_Kills,/warp decor,71,Allyri,/warp ri,2234,18604 29 1003,-5228 173 -4853,2026-05-29 00:14:45,2026-05-29 11:22:23
Raw Cod,1728,0.2,0.27,0.07,120.96000000000001,BobGuy_,/warp celt,1728,Server,/shop,999999999,4822 -51 -13360,0 0 0,2026-08-08 11:53:40,2026-05-31 12:15:00
Dark Oak Sapling,80,6.0,7.5,1.5,120.0,czsunny12,/warp czshop,80,Killablob,/warp killashop,3456,7466 67 -10092,11575 72 -5269,2026-08-07 08:30:31,2026-05-30 11:12:41
Saddle,3,10.0,50.0,40.0,120.0,Hobosapian,/warp shopbo,24,FX_02,/warp 1,3,14615 77 -1404,8597 -27 -2019,2026-08-08 11:16:41,2026-05-26 23:49:59
Sweet Berries,654,0.82,1.0,0.18000000000000005,117.72000000000003,kiwi_241,/warp v.i.p room,654,FX_02,/warp 1,1785,-1418 63 -2456,8584 -38 -2015,2026-05-29 12:23:47,2026-05-26 23:56:02
Leather,434,0.0,0.27,0.27,117.18,FX_02,/warp sell me ores,434,Server,/shop,999999999,-10026 138 3513,0 0 0,2026-05-29 11:35:12,2026-05-31 12:15:00
Bone Meal,864,0.12,0.25,0.13,112.32000000000001,midwu,/warp panda,1112,FX_02,/warp 1,864,15696 71 11952,8584 -38 -2018,2026-08-07 08:14:05,2026-05-26 23:56:05
Sculk Vein,66,1.0,2.5,1.5,99.0,celticpiping,/warp celt,3456,FX_02,/warp 1,66,4741 -45 -13281,8592 -33 -2020,2026-08-08 11:49:34,2026-05-26 23:53:26
Moss Carpet,128,0.5,1.25,0.75,96.0,BobGuy_,/warp celt,128,FX_02,/warp 1,671,4817 -43 -13365,8597 -33 -2015,2026-08-08 11:54:07,2026-05-26 23:53:46
Apple,190,2.0,2.5,0.5,95.0,Hobosapian,/warp shopbo,190,FX_02,/warp 1,2641,14615 75 -1410,8584 -37 -2012,2026-08-08 11:16:24,2026-05-26 23:55:52
Deepslate Iron Ore,17,24.5,30.0,5.5,93.5,RubberDucky7474,/warp nethersunny,17,SerSicerio,/warp serstore,3456,14236 71 3605,-17668 159 18759,2026-05-29 10:38:35,2026-08-07 08:18:50
Fermented Spider Eye,12,25.0,32.5,7.5,90.0,Iniacent,/warp one,12,FX_02,/warp 1,61,4249 150 6875,8588 -33 -2004,2026-05-29 10:53:55,2026-05-26 23:51:15
Powered Rail,6,15.0,30.0,15.0,90.0,celticpiping,/warp celt,6,FX_02,/warp 1,2106,4740 -41 -13255,8585 -38 -2004,2026-08-08 11:48:11,2026-05-26 23:55:29
Pale Oak Leaves,128,2.3,3.0,0.7000000000000002,89.60000000000002,kiwi_241,/warp v.i.p room,128,AKoopa,/warp koopa,3456,-1416 64 -2509,13323 115 -6494,2026-05-29 12:22:51,2026-05-30 10:27:50
Sea Lantern,44,5.0,7.0,2.0,88.0,celticpiping,/warp celt,44,Effortles,/warp sale,3456,4776 -47 -13278,-13468 -4 4385,2026-08-08 11:57:53,2026-05-29 11:30:32
Rotten Flesh,1728,0.2,0.25,0.04999999999999999,86.39999999999998,tazrar,/warp farm stuff,1728,kaaip,/warp one,3456,17362 79 11877,4280 150 6814,2026-05-29 00:30:12,2026-05-29 10:49:24
Copper Ore,8,15.0,25.0,10.0,80.0,RubberDucky7474,/warp nethersunny,8,FX_02,/warp 1,836,14237 68 3603,8601 -42 -2004,2026-05-29 10:38:28,2026-05-26 23:57:26
Jungle Leaves,40,1.0,3.0,2.0,80.0,tazrar,/warp farm stuff,40,AKoopa,/warp koopa,3456,17348 69 11846,13325 115 -6488,2026-05-29 00:28:58,2026-05-30 10:27:59
Azalea,71,2.0,3.0,1.0,71.0,BobGuy_,/warp celt,71,AKoopa,/warp koopa,3456,4819 -44 -13365,13325 115 -6487,2026-08-08 11:54:11,2026-05-30 10:28:01
Sunny Hoe,1,50.0,120.0,70.0,70.0,Hobosapian,/warp shopbo,12,AKoopa,/warp koopa,1,14601 77 -1403,13252 114 -6452,2026-07-08 23:45:47,2026-05-30 10:20:54
Smooth Sandstone,279,1.0,1.25,0.25,69.75,MaddysinLeigh,/warp 909mall,279,_ZippyCastle5557,/warp zippyworld,3456,8869 65 -13442,-12404 75 -9798,2026-05-30 12:52:38,2026-07-01 21:21:15
Block of Iron,2,10.0,35.0,25.0,50.0,Ayame989,/warp village hall,2,AKoopa,/warp koopa,3456,-9092 63 13786,13311 114 -6420,2026-05-29 12:27:54,2026-05-30 10:31:51
Cactus,62,0.25,1.0,0.75,46.5,Crazy69,/warp crazysshop,62,FX_02,/warp 1,64,-11757 63 15203,8584 -37 -2018,2026-08-07 08:27:44,2026-05-26 23:56:06
Composter,18,10.0,12.5,2.5,45.0,Abbie_Kills,/warp decor,18,FX_02,/warp 1,19,18569 20 1014,8601 -36 -2006,2026-05-29 00:11:42,2026-05-26 23:54:14
Glow Lichen,16,1.0,3.0,2.0,32.0,tazrar,/warp farm stuff,16,Effortles,/warp sale,3456,17347 77 11885,-13456 -5 4395,2026-05-29 00:32:09,2026-05-29 11:27:25
Nether Quartz,22,5.0,6.3,1.2999999999999998,28.599999999999994,Alisa12345,/warp shrimp shop,22,Effortles,/warp sale,3456,-7092 113 -17576,-13468 -4 4382,2026-05-29 11:44:31,2026-07-08 23:39:26
Coarse Dirt,54,2.0,2.5,0.5,27.0,tazrar,/warp farm stuff,54,FX_02,/warp 1,3248,17361 70 11829,8595 -41 -2020,2026-05-29 00:27:39,2026-05-26 23:59:11
Mossy Stone Bricks,26,3.0,4.0,1.0,26.0,Toxic_coco,/warp !,26,FX_02,/warp 1,2084,9614 -41 5483,8584 -41 -2012,2026-05-28 11:19:07,2026-05-26 23:58:23
Weeping Vines,49,2.0,2.5,0.5,24.5,Ayame989,/warp village hall,49,FX_02,/warp 1,3151,-9092 72 13764,8584 -30 -2006,2026-05-29 12:30:00,2026-05-26 23:51:36
Blackstone,48,3.5,4.0,0.5,24.0,Harmony_Gold_,/warp wood shop,48,SerSicerio,/warp serstore,3456,-6140 25 1414,-17622 159 18776,2026-05-29 12:41:48,2026-08-07 08:16:28
Polished Blackstone Bricks,11,2.0,4.0,2.0,22.0,Ayame989,/warp village hall,11,Effortles,/warp sale,3456,-9088 63 13800,-13430 -4 4364,2026-05-29 12:27:24,2026-06-23 23:41:49
Flowering Azalea,11,3.5,5.0,1.5,16.5,BobGuy_,/warp celt,11,Killablob,/warp killashop,3456,4819 -43 -13365,11575 72 -5278,2026-08-08 11:54:12,2026-05-30 11:12:48
Bundle,4,1.0,5.0,4.0,16.0,Hobosapian,/warp shopbo,4,Killablob,/warp killashop,27,14614 77 -1418,11581 72 -5264,2026-08-08 11:15:42,2026-05-30 11:12:57
Deepslate Copper Ore,5,22.0,25.0,3.0,15.0,RubberDucky7474,/warp nethersunny,5,FX_02,/warp 1,3443,14237 71 3603,8601 -43 -2004,2026-05-29 10:38:36,2026-05-26 23:57:28
Soul Soil,23,2.0,2.5,0.5,11.5,AKoopa,/warp koopa,3456,FX_02,/warp 1,23,13251 114 -6487,8586 -32 -2020,2026-05-30 10:22:06,2026-05-26 23:52:24
Brown Mushroom,4,0.5,2.0,1.5,6.0,Hobosapian,/warp shopbo,4,AKoopa,/warp koopa,3456,14601 75 -1403,13325 115 -6483,2026-07-08 23:45:45,2026-05-30 10:28:06
Target,1,10.0,15.0,5.0,5.0,midwu,/warp panda,1,AKoopa,/warp koopa,1728,15696 71 11970,13296 115 -6424,2026-08-07 08:14:19,2026-05-30 10:32:32
Blaze Rod,15,0.0,0.3,0.3,4.5,TycoRC,/warp xp grinder,15,_ZippyCastle5557,/warp zippyworld,3456,-1733 49 3401,-12418 75 -9806,2026-05-31 13:01:53,2026-07-01 21:24:32
